"Die Grösse von Computerdaten wird in Byte gemessen, welche ""Bytes"" gibt es nicht?";Megabyte;Hektobyte;Gigabyte;2
"Die Grösse von Computerdaten wird in Byte gemessen, welche ""Bytes"" gibt es nicht?";Megabyte;Hektobyte;Gigabyte;2
"Die Grösse von Computerdaten wird in Byte gemessen, welche ""Bytes"" gibt es nicht?";Megabyte;Hektobyte;Gigabyte;2
"Die Grösse von Computerdaten wird in Byte gemessen, welche ""Bytes"" gibt es nicht?";Megabyte;Hektobyte;Gigabyte;2
"Die Grösse von Computerdaten wird in Byte gemessen, welche ""Bytes"" gibt es nicht?";Megabyte;Hektobyte;Gigabyte;2
"Die Grösse von Computerdaten wird in Byte gemessen, welche ""Bytes"" gibt es nicht?";Megabyte;Hektobyte;Gigabyte;2
"Die Grösse von Computerdaten wird in Byte gemessen, welche ""Bytes"" gibt es nicht?";Megabyte;Hektobyte;Gigabyte;2
"Die Grösse von Computerdaten wird in Byte gemessen, welche ""Bytes"" gibt es nicht?";Megabyte;Hektobyte;Gigabyte;2
"Die Grösse von Computerdaten wird in Byte gemessen, welche ""Bytes"" gibt es nicht?";Megabyte;Hektobyte;Gigabyte;2
"Die Grösse von Computerdaten wird in Byte gemessen, welche ""Bytes"" gibt es nicht?";Megabyte;Hektobyte;Gigabyte;2
"Die Grösse von Computerdaten wird in Byte gemessen, welche ""Bytes"" gibt es nicht?";Megabyte;Hektobyte;Gigabyte;2
